name,price,litre
Hakushu Distiller's Reserve,£58.75,£83.93 per litre
Hibiki Harmony,£82.25,£117.50 per litre
Yamazaki 12 Year Old,£139,£198.57 per litre
Yamazaki 18 Year Old Gift Box,£600,£857.14 per litre
Hibiki 17 Year Old Whisky,£795,"£1,135.71 per litre"
Hibiki 21 Year Old,£795,"£1,135.71 per litre"
Nikka Coffey Grain Whisky,£60.25,£86.07 per litre
The Chita Distiller's Reserve,£50.50,£72.14 per litre
Chichibu On the Way Bot.2024,£275,£392.86 per litre
Suntory Toki,£34.50,£49.29 per litre
Yamazaki Distiller's Reserve,£80.95,£115.64 per litre
Chichibu 2015 9 Year Old Cask #4415 Berry Bros & Rudd Exceptional Cask,£550,£785.71 per litre
Fuji Single Malt Whisky,£71.75,£102.50 per litre
Ichiro's Malt Double Distilleries (46.5%),£99.95,£142.79 per litre
Yoichi Single Malt,£77.25,£110.36 per litre
Kanosuke Single Malt,£89.95,£128.50 per litre
Kaiyo Mizunara Oak,£79.75,£113.93 per litre
Onikishi Cherry Blossom Japanese Blended Whisky,£53.50,£76.43 per litre
Togouchi Single Malt,£65.50,£93.57 per litre
The House of Suntory Triology Pack 3x20cl,£49.25,£82.08 per litre
Fuji Single Blended Whisky,£58.75,£83.93 per litre
Chichibu London Edition 2024,£350,£500 per litre
Hibiki Harmony 100th Anniversary,£345,£492.86 per litre
Akashi Blended Sherry Cask Finish,£38.25,£76.50 per litre
